Document,Cluster,Cluster_Name
Trying to understand it for the first time or need a refresher? This guide can help.,1,Politics
"President Biden has upended the 2024  White House race for the Democrats. Here is what it means for Kamala Harris, his party and Trump.",1,Politics
The junior senator from Ohio shot to fame writing about his hard upbringing and morphed from a 'never-Trumper' into a Maga champion.,1,Politics
A very quick guide to Donald Trump's life story.,1,Politics
"The daughter of an Indian-born mother and Jamaican-born father, Kamala Harris began her career as a prosecutor.",1,Politics
"Experts say Arizona, Georgia, Michigan, Nevada, Pennsylvania and Wisconsin could hold the key to the White House.",1,Politics
"Republican nominee says JD Vance has ""tremendous support"" as he faces questions over his suitability as a running mate.",1,Politics
Big donors helped push Biden out. Now ordinary people have the spotlight as they fundraise for Harris via video calls.,1,Politics
"Kamala Harris is riding a wave of momentum, but Republicans sense vulnerabilities they can exploit.",1,Politics
Some four million members of the Divine Nine group are ready to get to work electing Kamala Harris.,1,Politics
Cryptocurrency has emerged as a key political battleground for Donald Trump and Republicans,1,Politics
New messages suggest the 20-year-old gunman was on the radar of law enforcement earlier than thought.,1,Politics
"Young voters have embraced the online buzz around Kamala Harris, but will they show up in November?",1,Politics
"Despite steady growth, the economy is a top concern for voters in the US presidential election.",1,Politics
The Republican presidential candidate is forging new alliances as his campaign gains momentum.,1,Politics
We're looking for US voters who want to share their opinions ahead of the election in November.,1,Politics
"Young voters have embraced the online buzz around Kamala Harris, but will they show up in November?",1,Politics
"Donald Trump's vice-presidential candidate says his 2021 comments about Democrats were ""sarcastic"".",1,Politics
"Despite steady growth, the economy is a top concern for voters in the US presidential election.",1,Politics
The vice-president is vying for the Democrats' presidential nomination after Joe Biden left the race.,1,Politics
The BBC's Nomia Iqbal looks at the implications of the decision on the ex-president as he runs for office again.,1,Politics
"In a rare televised address from the Oval Office, President Joe Biden says he ended his re-election campaign to unite his party and country.",1,Politics
Donald Trump spoke for an hour and a half at the Republican National Convention.,1,Politics
The role of donations in presidential campaigns.,1,Politics
"She is reported to be vetting a shortlist of candidates, many of whom are white men from swing states.",1,Politics
The US economic boom has consequences for the global balance of power - and for the UK.,1,Politics
"Looking back at the Republican National Convention offers some clues, says Anthony Zurcher.",1,Politics
"As Joe Biden fights to stay as his party's nominee, some say his unpopular vice-president is the right person to take over.",1,Politics
New evidence tells us how the gunman's plan came together but not why.,1,Politics
Liberal voters - and one Republican sceptical of Trump - react to Biden's decision to endorse Harris.,1,Politics
We spoke with voters about Trump's selection of Vance as his running mate.,1,Politics
We asked Democratic voters if they thought Joe Biden should be replaced and by whom.,1,Politics
We asked voters across the political spectrum what they thought of 2024's first presidential debate.,1,Politics
We asked independent voters and Republicans who have doubts about Trump if conviction changes anything.,1,Politics
Big donors helped push Biden out. Now ordinary people have the spotlight as they fundraise for Harris via video calls.,1,Politics
"She is reported to be vetting a shortlist of candidates, many of whom are white men from swing states.",1,Politics
"Republican nominee says JD Vance has ""tremendous support"" as he faces questions over his suitability as a running mate.",1,Politics
"Barack and Michelle Obama say Ms Harris has the ""strength that this critical moment demands"".",1,Politics
An assassination attempt against a former president and an incumbent drops out - the last few weeks have been unprecedented.,1,Politics
New evidence tells us how the gunman's plan came together but not why.,1,Politics
,,
Barbara Butch took part in a drag queen sequence during the event which sparked controversy.,2,Entertainment
"The singer says the attack at a workshop themed around her music left her ""completely in shock"".",2,Entertainment
"An advertising campaign was criticised for ""unintentional"" connections to the 1972 Munich Olympics.",2,Entertainment
"The game is no longer available for digital download, so fans must seek out physical copies to play it.",2,Entertainment
"After eight weeks in the villa, only one couple could take home the £50,000 prize.",2,Entertainment
"The singer says the attack at a workshop themed around her music left her ""completely in shock"".",2,Entertainment
Her popular US teen books were read by millions in the 1980s and 1990s.,2,Entertainment
An arrest warrant is issued after she failed to attend a court hearing relating to her bankruptcies.,2,Entertainment
"An advertising campaign was criticised for ""unintentional"" connections to the 1972 Munich Olympics.",2,Entertainment
The former BBC News presenter will appear in court on Wednesday.,2,Entertainment
"Ryan Reynolds says the film's success is ""kind of hard to process"".",2,Entertainment
"Wootton said claims he used a pseudonym and offered colleagues money for sexual material were ""untrue"".",2,Entertainment
"Fans get the first glimpse of her seventh album, hours after Gaga appears to confirm her engagement.",2,Entertainment
"Guests at the Tennessee theme park were directed to safety, with one person reporting a minor injury.",2,Entertainment
"The actor will make his comeback as Dr Victor Von Doom, a prominent villain in the comic books that spawned the popular Marvel film series.",2,Entertainment
"In December 2022, the singer revealed she had been battling Stiff Person's Syndrome (SPS) and cancelled all of her upcoming shows.",2,Entertainment
"The BBC's director general, Tim Davie, responds to reports of abusive behaviour on BBC One's Strictly Come Dancing.",2,Entertainment
"Watch: Dancing tea cakes, a giant Nessie and Karen Dunbar - the Glasgow Commonwealth Games Opening Ceremony 10 years on.",2,Entertainment
The BBC's Ros Atkins is swapping the studio for a DJ set at Glastonbury.,2,Entertainment
"From the Steven Spielberg classic Jaws, to predators stalking the Seine in Under Paris, there is no shortage of shark films.",2,Entertainment
"Sabrina Carpenter, Charli XCX and Chappell Roan are all about vulnerable lyrics and existential questions - and it's really working for them.",2,Entertainment
What is it about these characters of mayhem that connect with some people more than superheroes do?,2,Entertainment
The superhero action-comedy arrives after a downturn in fortunes for Marvel's Cinematic Universe.,2,Entertainment
The singer talks about supporting Swift in stadiums and recording with Coldplay's Chris Martin.,2,Entertainment
"While anxiety is one of our most uncomfortable emotions, the Pixar sequel shows how it can be valuable, and not always just something to be ""fixed"".",2,Entertainment
Her popular US teen books were read by millions in the 1980s and 1990s.,2,Entertainment
"About 25,000 revellers took part in the four-day festival at Hill Farm, with headliners including IDLES, Jamie T, and Wet Leg.",2,Entertainment
From the latest series of Industry and Only Murders in the Building to a dark comic drama about Greek gods starring Jeff Goldblum.,2,Entertainment
The Bournemouth & Boscombe Light Opera Company will now rehearse in the nearby village of Throop.,2,Entertainment
The former BBC News presenter will appear in court on Wednesday.,2,Entertainment
"Wootton said claims he used a pseudonym and offered colleagues money for sexual material were ""untrue"".",2,Entertainment
"Ryan Reynolds says the film's success is ""kind of hard to process"".",2,Entertainment
Copyright 2024 BBC. All rights reserved.TheBBCisnot responsible for the content of external sites.Read about our approach to external linking.,2,Entertainment
,,
Victim's family say police did not do enough to identify children who created Snapchat image.,3,Economics
OpenAI is working on adding new search powers to its artificial intelligence (AI) bot.,3,Economics
Tech stocks lead declines as investors reconsider rally fuelled by artificial intelligence.,3,Economics
A growing use of AI is said to be both harming and helping makers of reality TV.,3,Economics
The billionaire has been pushing Tesla to cut costs as car sales weaken.,3,Economics
A personal finance strategy popular among millennials is helping them to quit their job and retire decades early.,3,Economics
"Five years after being ousted from WeWork, Adam Neumann wants to re-buy the now-bankrupt business.",3,Economics
Should there be a cap on billionaires' wealth and their inheritances?,3,Economics
Covid-19 reshaped the way we live and work. We rethink solo working and explore the future of work-life.,3,Economics
"How a new era of quiet, net zero supersonic airliners could revolutionise the aviation industry.",3,Economics
Students are graduating in the US this week. The commencement speeches might lead them into questionable choices.,3,Economics
"The panels are expected to save the authority about £42,000 per year.",3,Economics
The Stroud-based company uses batteries to help power a WOMAD stage.,3,Economics
Cryptocurrency has emerged as a key political battleground for Donald Trump and Republicans,3,Economics
"Rising rents, e-commerce and available property are contributing to a boom in self-storage.",3,Economics
"Enough solar panels to power about 11,000 homes are being built near West End.",3,Economics
Residents voice their concerns as a public consultation into the pylons plans comes to a close.,3,Economics
Paula Vennells faced three days of questions about her role in the wrongful prosecution of hundreds of sub-postmasters.,3,Economics
Ex-Post Office boss Paula Vennells is speaking about the incident for the first time in ten years.,3,Economics
"Spirit AeroSystems supplied Boeing with faulty parts, a former quality inspector has told the BBC.",3,Economics
Charlotte Tiplady and Elliot Barton explain how together they built up their Tatti Lashes beauty empire from Liverpool.,3,Economics
Ocado has added robotic arms to its newest warehouse near Luton.,3,Economics
The latest international business headlines from BBC World News.,3,Economics
"Former sub-postmaster Jo Hamilton told BBC Breakfast she feels ""guilt"" after settling with the government over the Horizon IT scandal.",3,Economics
People in Kent share their finance stories ahead of Wednesday's Budget. Would you share yours?,3,Economics
Sandy Enoch of Robotical explains why he had to pivot his educational robot company due to AI.,3,Economics
"Hovhannes Avoyan, founder of picture and video editing app Picsart, shares his advice for our CEO Secrets series.",3,Economics
"Archive footage shows Dame Anita Roddick talking about her company's success, in an 1984 interview.",3,Economics
The retailer gave the footage to the BBC as it warned of a rise in attacks on retail staff.,3,Economics
"Sir Howard Davies says he believes it is not currently ""that difficult"" for people to get on the housing ladder.",3,Economics
"Joanna Jensen, founder of skincare brand Childs Farm, shares advice for start-ups for our CEO Secrets series.",3,Economics
The regulator has plans to make mobile and broadband firms more upfront about mid-contract price rises.,3,Economics
"Richard Harpin, co-founder of Homeserve, explains how an earring taught him an early business lesson.",3,Economics
Olivia DeRamus set up an app in the wake of her sexual assault. Now she's ready to take on Big Tech.,3,Economics
It is the first transatlantic flight powered solely by alternative fuels.,3,Economics
Could this be the solution for recycling more plastic?,3,Economics
The makers of athletics tracks are tweaking their surfaces to make them faster.,3,Economics
AI with dogfighting ability is being developed by the UK and US air forces.,3,Economics
